{"models": ["Random Forest", "XGBoost", "SVM"], "accuracy": [0.9725274725274725, 0.9725274725274725, 0.9725274725274725], "precision": [0.9689565555487343, 0.9689565555487343, 0.9689565555487343], "recall": [0.9725274725274725, 0.9725274725274725, 0.9725274725274725], "f1_score": [0.970603626065811, 0.970603626065811, 0.970603626065811]}