Model,Accuracy,Precision,Recall,F1-Score
Random Forest,0.22075055187637968,0.22052602194374307,0.22075055187637968,0.21837644390078415
XGBoost,0.22075055187637968,0.22052602194374307,0.22075055187637968,0.21837644390078415
Gradient Boosting,0.22075055187637968,0.22052602194374307,0.22075055187637968,0.21837644390078415
SVM,0.23620309050772628,0.17926596279537454,0.23620309050772628,0.19790836124589845
Logistic Regression,0.23399558498896247,0.23047657639404787,0.23399558498896247,0.2098141690289565
KNN,0.23178807947019867,0.1748972554472123,0.23178807947019867,0.1860932437742206
