Accuracy,Precision,Recall,F1-Score
0.22075055187637968,0.22052602194374307,0.22075055187637968,0.21837644390078415
