Feature,Importance
Flags_PSH,0.320968205761122
Attack_Type,0.2041098411704765
Protocol_TCP,0.18311869714084633
Flags_FIN,0.17482692910898454
Protocol_UDP,0.1169763268185706
